<?xml version="1.0"?>
<!--
/**
 * WebShopApps
 *
 * NOTICE OF LICENSE
 *
 * This source file is subject to the Open Software License (OSL 3.0)
 * that is bundled with this package in the file LICENSE.txt.
 * It is also available through the world-wide-web at this URL:
 * http://opensource.org/licenses/osl-3.0.php
 * If you did not receive a copy of the license and are unable to
 * obtain it through the world-wide-web, please send an email
 * to license@magentocommerce.com so we can send you a copy immediately.
 *
 * DISCLAIMER
 *
 * Do not edit or add to this file if you wish to upgrade Magento to newer
 * versions in the future. If you wish to customize Magento for your
 * needs please refer to http://www.magentocommerce.com for more information.
 *
 * WebShopApps MatrixRate
 *
 * @category WebShopApps
 * @package WebShopApps_MatrixRate
 * @copyright Copyright (c) 2014 Zowta LLC (http://www.WebShopApps.com)
 * @license http://opensource.org/licenses/osl-3.0.php Open Software License (OSL 3.0)
 * @author WebShopApps Team sales@webshopapps.com
 *
 */
/**
 * Copyright © 2015 Magento. All rights reserved.
 * See COPYING.txt for license details.
 */
-->
<config xmlns:xsi="http://www.w3.org/2001/XMLSchema-instance" xsi:noNamespaceSchemaLocation="urn:magento:module:Magento_Config:etc/system_file.xsd">
<system>
        <section id="carriers">
            <group id="tracker1" translate="label" type="text" sortOrder="500" showInDefault="1" showInWebsite="1" showInStore="1">
                <comment>
                    <![CDATA[
				<div style="padding:10px;background-color:#fff;border:1px solid #ddd;margin-bottom:7px;">

          View WebShopApps Generic Tracker <a href="http://wiki.webshopapps.com/extensions/generic-tracker" target="_blank">Documentation</a>
	  <br/>Download latest <a href="http://www.webshopapps.com/csv/TrackingNumbers.pdf" target="_blank">Tracking URLs</a>
		  				</div>
		  			  ]]>
                </comment>
                <label>WebShopApps Tracker 1</label>
                <field id="active" translate="label" type="select" sortOrder="10" showInDefault="1" showInWebsite="1" showInStore="0">
                    <label>Tracking Enabled</label>
                    <source_model>Magento\Config\Model\Config\Source\Yesno</source_model>
                </field>
                <field id="title" translate="label" type="text" sortOrder="20" showInDefault="1" showInWebsite="1" showInStore="1">
                    <label>Title</label>
                </field>
                <field id="preurl" translate="label" type="select" sortOrder="30" showInDefault="1" showInWebsite="1" showInStore="1">
                    <label>Pre-Configured Tracking URL</label>
                    <comment>Select from known Pre-Configured URL's</comment>
                    <source_model>WebShopApps\Tracker\Model\Config\Source\Preurl</source_model>
                </field>
                <field id="url" translate="label" type="text" sortOrder="40" showInDefault="1" showInWebsite="1" showInStore="1">
                    <label>Manual Tracking URL</label>
                    <comment>Enter Manual Tracking URL. Must include #TRACKNUM#</comment>
                </field>
            </group>
        </section>
    </system>
</config>
