<root>
<config>
    <web>
        <default>
            <cms_home_page>porto_home_2</cms_home_page>
            <cms_no_route>no-route-2</cms_no_route>
        </default>
    </web>
    <cms>
        <wysiwyg>
            <enabled>hidden</enabled>
        </wysiwyg>
    </cms>
	<design>
		<header>
			<logo_width>107</logo_width>
			<logo_height>38</logo_height>
			<logo_src>default/logo_white_small.png</logo_src>
		</header>
	</design>
	<dev>
		<js>
			<merge_files>1</merge_files>
		</js>
	</dev>
    <porto_settings>
        <general>
            <boxed>wide</boxed>
            <layout>1140</layout>
            <disable_border_radius>1</disable_border_radius>
            <show_site_notice>0</show_site_notice>
        </general>
        <header>
            <header_type>15</header_type>
            <static_block>porto_custom_block_for_header</static_block>
            <sticky_header_logo></sticky_header_logo>
            <currency_short>1</currency_short>
            <language_flag>0</language_flag>
            <login_popup>0</login_popup>
        </header>
        <footer>
            <footer_top>0</footer_top>
            <footer_top_block>custom</footer_top_block>
            <footer_top_custom></footer_top_custom>
            <footer_middle>1</footer_middle>
            <footer_ribbon>0</footer_ribbon>
            <footer_ribbon_text>Ribbon Text</footer_ribbon_text>
            <footer_middle_column_1>custom</footer_middle_column_1>
            <footer_middle_column_1_custom>porto_footer_middle_1_for_2_new</footer_middle_column_1_custom>
            <footer_middle_column_1_size>4</footer_middle_column_1_size>
            <footer_middle_column_2>custom</footer_middle_column_2>
            <footer_middle_column_2_custom>porto_footer_middle_2_for_2_new</footer_middle_column_2_custom>
            <footer_middle_column_2_size>8</footer_middle_column_2_size>
            <footer_middle_column_3>0</footer_middle_column_3>
            <footer_middle_column_3_custom>porto_footer_features</footer_middle_column_3_custom>
            <footer_middle_column_3_size>3</footer_middle_column_3_size>
            <footer_middle_column_4>0</footer_middle_column_4>
            <footer_middle_column_4_custom>porto_footer_links</footer_middle_column_4_custom>
            <footer_middle_column_4_size>3</footer_middle_column_4_size>
            <footer_middle_2>0</footer_middle_2>
            <footer_middle_2_column_1>custom</footer_middle_2_column_1>
            <footer_middle_2_column_1_custom>porto_footer_links</footer_middle_2_column_1_custom>
            <footer_middle_2_column_1_size>3</footer_middle_2_column_1_size>
            <footer_middle_2_column_2>custom</footer_middle_2_column_2>
            <footer_middle_2_column_2_custom>porto_footer_links</footer_middle_2_column_2_custom>
            <footer_middle_2_column_2_size>3</footer_middle_2_column_2_size>
            <footer_middle_2_column_3>custom</footer_middle_2_column_3>
            <footer_middle_2_column_3_custom>porto_footer_links</footer_middle_2_column_3_custom>
            <footer_middle_2_column_3_size>3</footer_middle_2_column_3_size>
            <footer_middle_2_column_4>custom</footer_middle_2_column_4>
            <footer_middle_2_column_4_custom>porto_footer_links</footer_middle_2_column_4_custom>
            <footer_middle_2_column_4_size>3</footer_middle_2_column_4_size>
            <footer_bottom>0</footer_bottom>
            <footer_store_switcher>0</footer_store_switcher>
            <footer_logo_src>default/logo_footer_black.png</footer_logo_src>
            <footer_bottom_copyrights><![CDATA[&copy;Copyright 2018 by Porto. All Rights Reserved.]]></footer_bottom_copyrights>
            <footer_bottom_custom_1>porto_footer_bottom_custom_block</footer_bottom_custom_1>
            <footer_bottom_custom_2></footer_bottom_custom_2>
        </footer>
        <category>
            <alternative_image>1</alternative_image>
            <aspect_ratio>1</aspect_ratio>
            <ratio_width>300</ratio_width>
            <ratio_height>400</ratio_height>
            <rating_star>1</rating_star>
            <product_price>1</product_price>
            <actions>1</actions>
            <addtocompare>1</addtocompare>
            <addtowishlist>1</addtowishlist>
            <page_layout>2columns-left</page_layout>
            <category_description>full_width</category_description>
            <side_custom_block>porto_category_side_custom_block</side_custom_block>
        </category>
        <category_grid>
            <columns>3</columns>
            <flex_grid>0</flex_grid>
            <move_actions>0</move_actions>
        </category_grid>
        <product>
            <product_image_size>5</product_image_size>
            <side_custom_block>porto_product_side_custom_block</side_custom_block>
            <main_custom_block2>porto_custom_block_product_for_demo2</main_custom_block2>
            <main_custom_block></main_custom_block>
            <page_layout>1column</page_layout>
            <move_addtolinks>1</move_addtolinks>
            <tab_full_background>1</tab_full_background>
            <custom_block_next_tab>porto_custom_block_product_tab_for_demo2</custom_block_next_tab>
            <move_upsell>0</move_upsell>
            <upsell_columns>4</upsell_columns>
        </product>
		<newsletter>
			<logo_src>default/logo_black.png</logo_src>
		</newsletter>
        <contacts>
            <enable>1</enable>
            <full_width>0</full_width>
            <address>Porto2 Store</address>
            <latitude>-34.398</latitude>
            <longitude>150.884</longitude>
            <zoom>18</zoom>
            <infoblock><![CDATA[<div class="row">
<div class="col-md-12">
    <i class="porto-icon-phone"></i>
    <p>0201 203 2032</p>
    <p>0201 203 2032</p>
</div>
</div>
<div class="row">
<div class="col-md-12">
    <i class="porto-icon-mobile"></i>
    <p>201-123-3922</p>
    <p>302-123-3928</p>
</div>
</div>
<div class="row">
<div class="col-md-12">
    <i class="porto-icon-mail-alt"></i>
    <p>porto@gmail.com</p>
    <p>porto@portotemplate.com</p>
</div>
</div>
<div class="row">
<div class="col-md-12">
    <i class="porto-icon-skype"></i>
    <p>porto_skype</p>
    <p>proto_template</p>
</div>
</div>]]></infoblock>
            <customblock></customblock>
        </contacts>
        <custom_settings>
            <custom_style><![CDATA[@import url('http://fonts.googleapis.com/css?family=Playfair+Display:400,400i,700,700i,900,900i');
@import url('http://fonts.googleapis.com/css?family=Poppins:300,400,500,600,700');

.page-wrapper > .breadcrumbs {
    font-family: 'Oswald';
    font-size: 12px;
    letter-spacing: 0.075em;
    font-weight: 400;
    text-transform: uppercase;
    border-bottom: #e6e6e6 solid 1px;
    line-height: 25px;
    margin: 0;
    max-width: none;
}
.breadcrumbs .item:not(:last-child):after {
    content: '\f809';
    font-size: 12px;
}
.page-main {
    padding: 37px 15px 68px;
}
.block-category-list .block-title, .filter-options-title,.filter .filter-current-subtitle, .sidebar > .block.filter .options dt {
    border: none;
    background: none;
    padding: 8px 13px 0 0;
    font-size: 15px;
    text-transform: uppercase;
    font-weight: 600;
    color: #21293c;
    letter-spacing: 0.01em;
}
.block-category-list .block-title strong, .sidebar > .block.filter .options dt {
    font-weight: 600;
}
.filter-options-title {
    padding-bottom: 4px;
}
.block-category-list .block-content, .filter-options-content, .sidebar > .block.filter .options dd {
    border: none;
    background-color: transparent;
    padding: 10px 13px 20px 0;
    border-bottom: #efefef solid 1px;
    border-radius: 0;
}
.block-category-list .block-content ol li.item, .sidebar > .block.filter ol li.item {
    margin: 0;
}
.block-category-list .block-content .item a, .sidebar > .block.filter .item a {
    font-size: 14px;
    line-height: 1;
    letter-spacing: 0.01em;
    color: #7a7d82;
}
.filter-options-title:after {
    content: '\f803';
    border: 0;
    color: #21293c;
    font-size: 17px;
    margin-right: -10px;
    margin-top: -11px;
}
.active > .filter-options-title:after {
    content: '\f800';
}
.filter-options-title:hover:after {
    background: none;
    color: #21293c;
}
#ln_slider_price.ui-slider-horizontal {
    background: #e1ddc3;
    height: 3px;
    box-shadow: none;
}
#ln_slider_price .ui-slider-handle {
    background: #e1ddc3;
    width: 12px;
    height: 12px;
    border-radius: 100%;
}
.filter-current .item {
    padding: 0;
}
.filter-current .items {
    border: none;
    background-color: transparent;
    padding: 10px 13px 0 0;
}
.filter-actions {
    background: none;
    border: none;
    border-bottom: #efefef solid 1px;
}
.filter-current .action.remove {
    right: 0;
}
.filter-actions a {
    margin-bottom: 10px;
    display: inline-block;
}
.sidebar-title {
    font-size: 15px;
    font-weight: 600;
    color: #21293c;
    letter-spacing: 0.01em;
    margin-bottom: 20px;
}
.porto-icon-left-open-huge:before {
    content: '\f802';
}
.porto-icon-right-open-huge:before {
    content: '\f801';
}
.sidebar .owl-top-narrow .owl-theme .owl-controls {
    top: -40px;
    right: 0;
}
.sidebar .owl-top-narrow .owl-theme .owl-controls .owl-nav div *:before {
    color:#21293c;
}
.sidebar .product-items .product-item-info .product-item-photo {
    max-width: 25.19%;
}
.sidebar .product-items .product-item-details {
    margin-left: calc(31% + 15px);
}
.sidebar .product-items .product-item-name a {
    font-size: 14px;
    color: #7a7d82;
    font-weight: 600;
}
.sidebar .sidebar-filterproducts {
    margin-bottom: 30px;
    padding-bottom: 40px;
    background: none;
    border-bottom: #efefef solid 1px;
}
.sidebar .product-items .product-item .product-reviews-summary {
    display: block;
    margin-top: 0;
}
.sidebar-filterproducts.custom-block + h2 {
    font-size: 15px !important;
    text-transform: uppercase;
    font-weight: 600;
    color: #21293c !important;
    letter-spacing: 0.01em;
}
.sidebar-filterproducts.custom-block + h2 +h5 {
    font-family: 'Open Sans' !important;
    font-weight: 600 !important;
    font-size: 14px !important;
    color: #7a7d82 !important;
    letter-spacing: 0.022em;
}
.sidebar-filterproducts.custom-block + h2 + h5 + p {
    color: #21293c !important;
    font-size: 15px !important;
    letter-spacing: 0.022em;
}
.page-with-filter .toolbar-amount {
    display: none;
}
.page-products .toolbar .limiter .limiter-text {
    display: none;
}
.modes-mode.active {
    border: none;
    background: none;
    color: #111;
}
.modes-mode,.modes-mode:hover {
    border: none;
    background: none;
    color: #111;
    width: 15px;
}
.toolbar select {
    border: 1px solid #e4e4e4;
    height: 37px;
    color: #7a7d82;
    font-weight: 400;
    font-size: 14px;
    text-transform: capitalize;
    padding: 0 10px;
    padding-right: 30px;
    line-height: 31px;
}
.sorter-label {
    font-size: 14px;
    font-weight: 600;
    color: #21293c;
}
.sorter-action {
    margin-top: 6px;
}
.pages strong.page {
    background: none;
    border-color: #fff;
    color: #21293c;
    font-size: 15px;
    width: 36px;
    line-height: 34px;
}
.pages a.page,.pages a.page:hover {
    background: none;
    border-color: #fff;
    color: #21293c;
    font-size: 15px;
    width: 36px;
    line-height: 34px;
}
.pages a.page:visited {
    color: #21293c;
}
.pages .action.next,.pages .action.previous {
    border: solid 2px #e1ddc3;
    color: #78755c;
    font-size: 15px;
    width: 36px;
    line-height: 32px;
    transition: all 0.3s;
}
.pages .action.next:hover,.pages .action.previous:hover {
    background-color: #e1ddc3;
}
.full-width-image-banner, .parallax-content {
    height: 400px;
}
.products.wrapper ~ .toolbar-products{
    border-top: solid 1px #e4e4e4;
    padding-top: 25px;
}
.product-item-photo {
    border-radius: 0;
    border: 0;
}
.product-item .product-reviews-summary {
    display: none;
}
.products-grid:not(.side-list) .product-item .product-item-info {
    padding-bottom: 100px;
    margin-bottom: 37px;
}
.products-grid:not(.side-list) .product-item .product-item-details {
    position: absolute !important;
    background-color: #fff;
    padding: 27px 0 5px;
    transition: all 0.3s;
    left: 0;
    right: 0;
    bottom: -8px;
    z-index: 2;
}
.products-grid:not(.side-list) .product-item:hover .product-item-details {
    bottom: 52px;
}
.products-grid:not(.side-list) .product-item .product-item-details .price-box {
    border-bottom: solid 1px #e4e4e4;
    padding-bottom: 20px;
    margin-top: 8px;
    margin-bottom: 0;
}
.products-grid:not(.side-list) .product-item .product-item-inner {
    position: absolute;
    left: 0;
    right: 0;
    bottom: -55px;
    opacity: 0;
    transition: all 0.3s;
}
.products-grid:not(.side-list) .product-item:hover .product-item-inner {
    opacity: 1;
}
.products-grid:not(.side-list) .product-item-details .product-item-actions .actions-secondary.tocompare {
    left: 0;
    visibility: visible;
    opacity: 1;
    height: 38px;
    line-height: 36px;
    width: 38px;
}
.products-grid:not(.side-list) .product-item-details .product-item-actions .actions-secondary.towishlist {
    right: 0;
    visibility: visible;
    opacity: 1;
    height: 38px;
    line-height: 36px;
    width: 38px;
}
.products-grid:not(.side-list) .has-qty .product-item-actions .actions-secondary.towishlist {display: none;}
.product-social-links .action.towishlist:before, .product-addto-links .action.towishlist:before, .block-bundle-summary .action.towishlist:before, .product-item .action.towishlist:before, .table-comparison .action.towishlist:before {
    content: '\e811';
}
.products-grid .product-item .has-qty {
    margin-top: 0;
}
.products.wrapper .product-item .qty-box {
    display: inline-block;
    margin-bottom: 0;
    vertical-align: middle;
}
.products.wrapper .product-item .qty-box input {
    height: 38px;
}
.products.wrapper .product-item .qty-box .qtyminus, .products.wrapper .product-item .qty-box .qtyplus {
    height: 38px;
    line-height: 36px;
    border: solid 1px #e1ddc3;
    color: #e1ddc3;
}
.products-grid .has-qty .product-item-details .product-item-actions .tocart {
    text-indent: -999em;
    position: relative;
}
.products-grid .has-qty .product-item-details .product-item-actions .tocart span:before {
    content: '\e881';
    font-family: 'Porto-icons';
    position: absolute;
    top:0;
    left: 0;
    color: #e1ddc3;
    font-size: 20px;
    text-indent: 7px;
}
.products-grid:not(.side-list) .product-item-details .product-item-actions .tocart {
    height: 38px;
    line-height: 36px;
    color: #61605a;
    border-color: #e1ddc3;
    background-color: transparent;
    font-size: 12px;
    padding: 0 17.4px;
    text-transform: uppercase;
    font-family: 'Oswald';
}
.products-grid .product-item .product-item-info:hover .weltpixel-quickview.weltpixel_quickview_button_v2 {
    background-color: #fff;
    color: #a19d81;
    padding: 5px;
    margin: 5px;
    line-height: 23px;
    height: 30px;
    width: 30px;
}
.products-grid .product-item .product-item-info .weltpixel-quickview span span {
    display: none;
}
.porto-icon-eye:before {
    content:'\e885';
    font-size: 15px;
}
.price-box .price {
    font-size: 25px;
}
.old-price .price {
    font-size: 16px;
    font-weight: 400;
}
.product-item-name, .product.name a {
    font-size: 16px;
    color: #21293c;
    font-weight: 600;
}
.products-grid .product-item-info div[class^="swatch-opt-"] {
    display: none;
}
.products-grid .product-item-info:hover .product-item-details .product-item-actions .tocart {
    background-color: #fff;
    color: #61605a;
    border-color: #e1ddc3;
}
.product-item .tocart:before {
    display: none;
}

.product-info-main .page-title-wrapper h1 {
    margin: 15px 0 11px;
    font-size: 25px;
    font-weight: 600;
    line-height: 1;
    color: #21293c;
    letter-spacing: -0.01em;
}
.prev-next-products {
    margin-top: 12px;
}
.product-reviews-summary.empty .reviews-actions:before {
    font-size: 18px;
}
.product-info-main .product.overview {
    border-bottom: 1px solid #e6e6e6;
    margin-bottom: 0;
    font-size: 14px;
    font-weight: 400;
    letter-spacing: 0.005em;
    line-height: 27px;
}
.product-info-main .custom-block {
    border-bottom: solid 1px #e6e6e6;
    padding: 23px 0 25px;
    margin-bottom: 25px;
}
.product-info-main .custom-block .item:first-child {
    border-left: 0;
    padding-left: 0;
}
.product-info-main .custom-block .item {
    border-left: 1px solid #e6e6e6;
    display: inline-block;
    padding: 0 10px;
    text-align: left;
}
.product-info-main .custom-block i {
    font-size: 34px;
    color: #c8c29d;
    display: inline-block;
    vertical-align: middle;
}
.product-info-main .custom-block .text-area {
    display: inline-block;
    vertical-align: middle;
    text-align: left;
    margin-left: 5px;
}
.product-info-main .custom-block .text-area h3 {
    font-size: 14px;
    font-weight: 400;
    color: #7a7d82;
    margin: 0;
}
.product-options-bottom .price-box .price-container .price, .product-info-price .price-box .price-container .price {
    font-size: 26px;
    line-height: 36px;
    font-weight: 600;
}
.product-info-main .fieldset > .field.qty, .product-info-main .nested.options-list > .field.qty {
    position: relative;
    width: 106px;
}
.product-info-main .qty.field .control, .product-info-main .qty.field .qty-changer {
    margin-left: 29px;
}
.product-info-main .qty.field .qty-changer > a {
    position: absolute;
    top: 0;
    left: 0;
    height: 43px;
    width: 30px;
    line-height: 41px;
    text-align: center;
    margin: 0;
    border-color: #e1ddc3;
}
.product-info-main .qty.field .qty-changer > a:first-child {
    left: auto;
    right: 4px;
}
.product-info-main .box-tocart .input-text.qty {
    font-family: 'Oswald';
    display: inline-block;
    vertical-align: middle;
    height: 43px;
    width: 44px!important;
    font-size: 14px;
    font-weight: 400;
    text-align: center;
    color: #61605a;
    margin: 0;
    border-color: #e1ddc3;
}
.product-info-main .qty.field .qty-changer > a .porto-icon-up-dir:before {
    content: '\f882';
}
.product-info-main .qty.field .qty-changer > a .porto-icon-down-dir:before {
    content: '\f883';
}
.catalog-product-view:not(.weltpixel-quickview-catalog-product-view) .box-tocart .action.tocart {
    height: 43px;
    font-size: 14px;
    letter-spacing: 0.05em;
    font-weight: 400;
    min-width: 135px;
}
.action.primary,.action.primary:active {
    font-family: "Oswald";
    letter-spacing: 1px;
    text-transform: uppercase;
}
.product-addto-links .action.towishlist,.product-addto-links .action.tocompare,.moved-add-to-links .action.mailto.friend {
    width: 43px;
    height: 43px;
    line-height: 41px;
}
.product-info-main {
    margin-bottom: 0;
}
.product.info.detailed {
    margin-bottom: 0;
}
.move-product-tab .product-items .product-item-details .product-item-link {
    font-size: 14px;
    color: #7a7d82;
    font-weight: 600;
}
.product.data.items > .item.title > .switch {
    font-size: 18px;
    color: #21293c;
    text-transform: uppercase;
    border-bottom: 2px solid transparent;
    border-radius: 0;
    line-height: 30px;
    background: none;
}
.product.data.items > .item.content {
    background-color: transparent;
    font-size: 15px;
    letter-spacing: 0.005em;
}
.block.upsell {
    padding-top: 75px;
}
.block.upsell .title {
    background: none;
    text-align: center;
    margin-bottom: 17px;
}
.block.upsell .title strong {
    font-size: 25px;
    text-transform: uppercase;
    font-weight: 700;
    color: #21293c;
}

.block.upsell .products-grid:not(.side-list) .product-item:hover .product-item-details {
    bottom: -8px;
}
.block.upsell .products-grid:not(.side-list) .product-item .product-item-details .price-box {
    border: none;
}


.footer-middle {
    padding: 67px 0;
    font-size: 13px;
}
.footer-middle .container > .row > .col-md-4 > .block {
    padding-right: 58px;
}
.footer-middle p{
    font-size: 13px;
    line-height: 30px;
}
.footer-middle .block .block-title {
    margin-bottom: 23px;
}
.footer-middle .block .block-title strong {
    font-size: 20px;
    font-weight: 600;
    letter-spacing: 0.035em;
    text-transform: uppercase;
}
.footer-middle ul.links li,
.footer-middle ul.features li {
    padding: 13.8px 0;
    font-size: 14px;
}
.footer-middle .newsletter div.mage-error {position: absolute;bottom: -25px;left:15px;}
.footer-middle .newsletter label {display: none;}
.footer-middle .newsletter input {
    background-color: #33332f;
    color: #686865;
    height: 48px;
    border: none;
    font-size: 13px;
    padding-left: 15px;
    float: left;
    max-width: 300px;
    width: 100%;
}
.footer-middle .newsletter button {
    float: left;
    width:50px;
    height: 48px;
    margin-left: -50px;
}
.footer-middle .block-bottom {
    border-top: 1px solid #3d3d38;
    margin-top: 45px;
    text-align: left;
    padding: 20px 0;
    overflow: hidden;
}
.footer-middle .block-bottom .social-icons a {
    background-image: none;
    background-color: #33332f;
    text-indent: 0;
    color: #fff;
    border-radius: 0;
    font-size: 15px;
    width: 37px;
    height: 37px;
    text-align: center;
    margin-left: 4px;
    float: left;
    line-height:35px;
}
.footer-middle ul.contact-info li:first-child{
    border-top-width: 0;
}
.footer-middle ul.contact-info li {
    border-top: solid 1px #3d3d38;
    padding: 25px 0;
}
.footer-middle ul.contact-info [class^="porto-icon-"] {
    color: #e1ddc3 !important;
    font-size: 26px;
    line-height: 28px;
}
.footer-middle ul.contact-info p{
    line-height: 1;
    font-size: 14px;
}
.footer-middle ul.contact-info b {
    font-weight: 400;
    font-size: 14px;
    margin-bottom: 10px;
    display: inline-block;
}
@media(max-width: 1199px){
    .footer-middle .container > .row > .col-md-4 > .block {
        padding-right: 0;
    }
    .product-info-main .custom-block .item {
        width: 100% !important;
        border: none;
        padding:0;
    }
}
@media (max-width: 767px){
    .fieldset > .field.qty {
        margin-bottom: 20px;
    }
    .product-info-main .box-tocart .actions {
        vertical-align: top;
        margin-bottom: 20px;
    }
    .product-info-main .box-tocart {
        margin-bottom: 10px;
    }
    .block-category-list .block-title, .filter-options-title, .filter .filter-current-subtitle, .sidebar > .block.filter .options dt {
        padding: 10px 15px;
    }
    .block-category-list .block-content, .filter-options-content, .sidebar > .block.filter .options dd {
        padding: 15px;
    }
    .filter.active .filter-title strong {
        top: 1px;
    }
    .footer-middle .custom-block.f-right {
        margin-left: 0;
    }
    .footer-middle .social-icons {padding-bottom: 15px;float:left !important;}
    .footer-middle address {
        overflow: hidden;
        width: 100%;
        padding: 10px 0 0;
        margin-left: 0 !important;
    }
}
    .page-products .sorter {
        float: left;
    }
    .modes {
        float: right;
        margin-right: 0;
        margin-left: 20px;
        margin-top: 7px;
    }
    .modes-mode:before {
        content: '\e880';
        font-size: 14px;
    }
    .mode-list:before {
        content: '\e87b';
        font-size: 14px;
    }
    .products.wrapper ~ .toolbar .limiter {
        float: left;
    }
    .products.wrapper ~ .toolbar .pages {
        float: right;
    }
@media (min-width: 768px) {
    .navigation .level0 .submenu a {
        padding: 15px 10px;
        font-family: 'Oswald';
        text-transform: uppercase;
    }
    .product-info-main {
        padding-left: 25px;
    }
    .product.data.items > .item.title {
        padding: 10px 30px 10px 0;
    }
    .product.data.items > .item.title > .switch {
        font-size: 18px;
        color: #21293c;
        text-transform: uppercase;
        border: none;
        border-bottom: 2px solid transparent;
        border-radius: 0;
        line-height: 30px;
        padding: 0;
        background: none;
    }
    .product.data.items > .item.title:not(.disabled) > .switch:focus,
    .product.data.items > .item.title:not(.disabled) > .switch:hover {
        background: none;
    }
    .product.data.items > .item.title.active > .switch {
        border-bottom-color: #ccc69d;
        background: none;
        color: #61605a;
    }
    .product.data.items > .item.content {
        padding: 35px 0 0;
    }
    .page-products .toolbar .limiter {
        display: block;
    }
}
.price-container .price {
    color: #21293c;
}
.block-category-list {
    margin-bottom: 14px;
}
.sorter-label, .limiter .label, .limiter-text {
    font-weight: 600;
    color: #21293c;
}
.pages a.page, .pages strong.page {
    font-weight: 600;
}
.pages .action:before {
    transition: color 0.3s;
}
.page-wrapper > .breadcrumbs .items {
    font-size: 12px;
}
.product-reviews-summary .reviews-actions a {
    color: #21293c;
}
.product-info-main .product-info-stock-sku {
    color: #333;
    font-size: 14px;
    padding-bottom: 27px;
}
.moved-add-to-links {
    vertical-align: top;
}
.product-info-main .product-add-form {
    padding-top: 15px;
}
.product-item .rating-summary .rating-result > span:before {
    color: #575f68;
}
.weltpixel-quickview-catalog-product-view .product-info-main .product.overview {
    margin-bottom: 25px;
}
@media (min-width: 768px) {
    .page-wrapper > .breadcrumbs .items {
        max-width: 720px;
    }
}
@media (min-width: 992px) {
    .page-wrapper > .breadcrumbs .items {
        max-width: 960px;
    }
}
@media (min-width: 1200px) {
    .page-wrapper > .breadcrumbs .items {
        max-width: 1140px;
    }
}
.limiter .label {
    font-size: 14px;
}
@media (max-width: 767px) {
    .block-category-list .block-title, .block-category-list .block-content, .sidebar > .block.filter .options dt {
        padding-left: 0;
        padding-right: 0;
    }
}
@media (max-width: 480px) {
    .toolbar .limiter .label {
        min-width: 48.17px;
    }
}]]></custom_style>
            <custom_style_2><![CDATA[]]></custom_style_2>
        </custom_settings>
    </porto_settings>
    <porto_design>
        <general>
            <theme_color>21293C</theme_color>
        </general>
        <font>
            <custom>0</custom>
            <font_size></font_size>
            <font_family></font_family>
            <custom_font_family></custom_font_family>
            <google_font_family></google_font_family>
            <char_latin_ext></char_latin_ext>
            <char_subset></char_subset>
        </font>
        <colors>
            <custom>1</custom>
            <text_color>7A7D82</text_color>
            <link_color></link_color>
            <link_hover_color></link_hover_color>
            <button_bg_color>E1DDC3</button_bg_color>
            <button_text_color>61605A</button_text_color>
            <button_hover_bg_color>E1DDC3</button_hover_bg_color>
            <button_hover_text_color>61605A</button_hover_text_color>
            <addtowishlist_color>E1DDC3</addtowishlist_color>
            <addtowishlist_hover_color>E1DDC3</addtowishlist_hover_color>
            <addtocompare_color>E1DDC3</addtocompare_color>
            <addtocompare_hover_color>E1DDC3</addtocompare_hover_color>
            <breadcrumbs_bg_color>FFFFFF</breadcrumbs_bg_color>
            <breadcrumbs_color>3C4250</breadcrumbs_color>
            <breadcrumbs_links_color>3C4250</breadcrumbs_links_color>
            <breadcrumbs_links_hover_color>3C4250</breadcrumbs_links_hover_color>
            <sale_bg_color></sale_bg_color>
            <sale_font_color></sale_font_color>
            <new_bg_color></new_bg_color>
            <new_font_color></new_font_color>
        </colors>
        <header>
            <custom>1</custom>
            <header_bgcolor></header_bgcolor>
            <header_bg_image>default/page-header2.jpg</header_bg_image>
            <header_bordercolor></header_bordercolor>
            <header_textcolor></header_textcolor>
            <header_linkcolor></header_linkcolor>
            <header_top_links_bgcolor></header_top_links_bgcolor>
            <header_top_links_color></header_top_links_color>
            <header_menu_bgcolor></header_menu_bgcolor>
            <header_menu_color></header_menu_color>
            <header_menu_hover_bgcolor></header_menu_hover_bgcolor>
            <header_menu_hover_color></header_menu_hover_color>
            <header_menu_classicmenu_bgcolor></header_menu_classicmenu_bgcolor>
            <header_menu_classicmenu_bordercolor></header_menu_classicmenu_bordercolor>
            <header_menu_classicmenu_color></header_menu_classicmenu_color>
            <header_menu_classicmenu_hover_bgcolor></header_menu_classicmenu_hover_bgcolor>
            <header_menu_classicmenu_hover_color></header_menu_classicmenu_hover_color>
            <header_menu_megamenu_color>777777</header_menu_megamenu_color>
            <header_search_bgcolor></header_search_bgcolor>
            <header_search_text_color></header_search_text_color>
            <header_search_bordercolor></header_search_bordercolor>
            <header_minicart_bgcolor>FFFFFF</header_minicart_bgcolor>
            <header_minicart_color>FFFFFF</header_minicart_color>
            <header_minicart_icon_color>FFFFFF</header_minicart_icon_color>
        </header>
        <footer>
            <custom>1</custom>
            <footer_top_bgcolor></footer_top_bgcolor>
            <footer_top_color></footer_top_color>
            <footer_top_link_color></footer_top_link_color>
            <footer_top_link_hover_color></footer_top_link_hover_color>
            <footer_middle_bgcolor>272723</footer_middle_bgcolor>
            <footer_middle_color>A8A8A8</footer_middle_color>
            <footer_middle_link_color>A8A8A8</footer_middle_link_color>
            <footer_middle_link_hover_color>A8A8A8</footer_middle_link_hover_color>
            <footer_middle_title_color>FFFFFF</footer_middle_title_color>
            <footer_middle_links_icon_color>E1DDC3</footer_middle_links_icon_color>
            <footer_middle_ribbon_bgcolor></footer_middle_ribbon_bgcolor>
            <footer_middle_ribbon_shadow_color>282D3A</footer_middle_ribbon_shadow_color>
            <footer_middle_ribbon_color></footer_middle_ribbon_color>
            <footer_middle_2_bgcolor></footer_middle_2_bgcolor>
            <footer_middle_2_color></footer_middle_2_color>
            <footer_middle_2_link_color></footer_middle_2_link_color>
            <footer_middle_2_link_hover_color></footer_middle_2_link_hover_color>
            <footer_middle_2_title_color></footer_middle_2_title_color>
            <footer_middle_2_links_icon_color></footer_middle_2_links_icon_color>
            <footer_bottom_bgcolor>FFFFFF</footer_bottom_bgcolor>
            <footer_bottom_color></footer_bottom_color>
            <footer_bottom_link_color></footer_bottom_link_color>
            <footer_bottom_link_hover_color></footer_bottom_link_hover_color>
        </footer>
        <page>
            <custom>0</custom>
            <page_bgcolor></page_bgcolor>
            <page_bg_image></page_bg_image>
            <page_custom_style><![CDATA[]]></page_custom_style>
        </page>
        <main>
            <custom>0</custom>
            <main_bgcolor></main_bgcolor>
            <main_bg_image></main_bg_image>
            <main_custom_style><![CDATA[]]></main_custom_style>
        </main>
    </porto_design>
</config>
</root>